{"cameraMode":{"drawMode":0,"name":"Shaded","section":"Shading Mode"},"sceneLighting":true,"audioPlay":false,"sceneViewState":{"showFog":false,"showMaterialUpdate":false,"showSkybox":false,"showFlares":false,"showImageEffects":false,"showParticleSystems":false},"in2DMode":false,"pivot":{"x":1.5376911163330079,"y":-9.367541313171387,"z":-0.7610750198364258},"rotation":{"x":-0.36904922127723696,"y":-0.4056335687637329,"z":0.1834900677204132,"w":-0.8158403635025024},"size":37.383731842041019,"orthographic":false}